src, Destiny_1, Destiny_2, Destiny_3, Destiny_4, Destiny_5, Destiny_6, Destiny_7
Bias, 0.5486252665557694, 0.12926574954157977, 0.6180583772566147, 0.9337845486840526, 0.1882926528917308, 0.24218589944489965, 0.821952857949335
Origin_1, 0.6666230120940713, 0.43372466164937706, 0.6805903720032355, 0.7081331662927742, 0.6213481817809572, 0.03255361871098139, 0.69035071376206
Origin_2, 0.8735386103399321, 0.1727576941378295, 0.5035632724888067, 0.8123707231976802, 0.8061082782809758, 0.31697173001930457, 0.6960975946167818
Origin_3, 0.6276125872188745, 0.0637092495542767, 0.3207600589317907, 0.8716576975055097, 0.8560155266640972, 0.30262113462558915, 0.8041291731258974
Origin_4, 0.48584607308735783, 0.4255678325809672, 0.04201703552696778, 0.2699469405581665, 0.3257730861796502, 0.8478068824023394, 0.05894654287124679
Origin_5, 0.9207234642442618, 0.9184831940196758, 0.8614474971996053, 0.3454913657781873, 0.6661430019371718, 0.2909981485714691, 0.13494072570034243
Origin_6, 0.1154292083267976, 0.06966852014667047, 0.35886305211243263, 0.92911662172305, 0.4346549722089831, 0.6085168660028923, 0.4476201887032468
Origin_7, 0.01266611712969834, 0.6677725600802433, 0.028529339711987567, 0.7104250593283311, 0.7960684886120848, 0.0826849263406565, 0.7639389240996904
Origin_8, 0.4950573527374684, 0.6036731421860048, 0.6356736031583716, 0.36176181440784516, 0.034869578147374014, 0.2389950503775834, 0.17137317978209587
Origin_9, 0.6015176232331517, 0.1907542085974382, 0.5148854818065455, 0.015210551433297526, 0.5332092950441215, 0.3550000707799418, 0.21809080017879556
Origin_10, 0.2102924203638571, 0.9699700391570659, 0.04294704562278506, 0.05681412105450012, 0.4563887628070378, 0.06651143306921492, 0.1446379983325463
Origin_11, 0.500245443797684, 0.14557402648087947, 0.4904832314566394, 0.28620494385088224, 0.060628368960948364, 0.7572519324420053, 0.35108205520227753
Origin_12, 0.25951669274328404, 0.4912821215379286, 0.27470380322508947, 0.4877226420948487, 0.018652994066040707, 0.5781002172296106, 0.2159642518330639
Origin_13, 0.9413120888618032, 0.31306054723859, 0.6873972915725728, 0.333742320102684, 0.4316436238002004, 0.6297840087801436, 0.9995787993914579
Origin_14, 0.032270169114065106, 0.4466537979948346, 0.7509556363696062, 0.40595841979189906, 0.07337549666444387, 0.11276245662035345, 0.8977646657023266
Origin_15, 0.3751505236287167, 0.19973773406598816, 0.36024266714214837, 0.12841813373150857, 0.705816012358603, 0.8902023825037372, 0.023543140185547262
Origin_16, 0.38514269953285296, 0.974141827119916, 0.580191932251607, 0.42371315609078086, 0.34406677998513735, 0.6572858454492089, 0.3296655767848886
Origin_17, 0.6685561188406136, 0.01186118049633511, 0.36812022198305094, 0.10174422271180528, 0.3758644170800941, 0.8343054340081474, 0.37195809975214966
Origin_18, 0.5270313902187677, 0.7760651899366134, 0.93448608566752, 0.5725502304912209, 0.2718244675816236, 0.1828325321888702, 0.9821223695769569
Origin_19, 0.4524891126404256, 0.9028252020988489, 0.6336989983100365, 0.11055362618788367, 0.032260393727878145, 0.44662163942451405, 0.09742519150628126
Origin_20, 0.24421210453755093, 0.7725325673479703, 0.6791289439512479, 0.020863106470283665, 0.17694337996405984, 0.4858774521671463, 0.5483393083783746
Origin_21, 0.14527539206596418, 0.7503264025146769, 0.7469658842217026, 0.03314636357766032, 0.4605491999855633, 0.5211835215829935, 0.9943841282155023
Origin_22, 0.17167254078099303, 0.8854700557943057, 0.3787604054808411, 0.5025684471138817, 0.9544428743848359, 0.7631973505326943, 0.6745945492121334
Origin_23, 0.6689567507613129, 0.27091205490628345, 0.5433101091992644, 0.5618803360689688, 0.6093076013500933, 0.1222658151428705, 0.08526787374920708
Origin_24, 0.40617750964691035, 0.8832387717889109, 0.8690821537202373, 0.8628581689199946, 0.3255989738192955, 0.2823888253694882, 0.3693514407782097
Origin_25, 0.9751788906177498, 0.14615318832904134, 0.0052067205775033765, 0.48051861556409514, 0.276929951180504, 0.3167050089682253, 0.215226437155695
