testError, validateError
8.760981494296574, 8.71256930342956
8.824819638510482, 1.4709090903957696
8.76526514365751, 8.808050432091335
5.64562594816497, 8.738371371056052
8.418464773794684, 8.788305165934462
7.769532043534894, 8.776189371838486
8.69792802434864, 8.765153071172824
8.687130602473532, 8.697524290553014
8.671273248874805, 8.519999729520807
8.61270437938492, 8.760447266757028
8.594318735118836, 8.746584899432419
8.61631359439832, 8.696739158859016
8.515187806620276, 8.680665909200311
8.488142463210183, 2.4745119921149406
8.50312789900996, 8.574146366528975
8.488970178925515, 2.8923698236224817
8.487825982774524, 8.600966061705007
8.554531578260455, 2.730884051260436
8.37691265934575, 8.465492694172827
8.403963615236306, 8.380607590187031
8.281404773390047, 8.484915572842016
8.16946631989086, 8.447481591289618
8.202062653280107, 8.439460576234767
7.889427422547733, 7.730393224531495
7.577497715547429, 8.285311708884354
7.63926641528662, 7.16903537660083
6.366143919503085, 1.4450623850096027
7.447585949880327, 5.619842644106611
7.353180623881086, 7.598047581911159
7.288553551959075, 6.964588720425079
7.043693572965771, 7.279900447022905
6.927817826248039, 7.043769202240499
6.983195631078301, 7.042364209392973
4.946463840086389, 7.055477319653489
6.911343174463098, 4.862691847842754
6.911663283577611, 4.81260071116099
7.052616179139486, 7.03317662684754
4.909209184073564, 4.769634826138828
4.823126032540461, 6.993908829418958
0.5193602480591832, 4.793044930974857
3.7719741861060223, 4.771219983325353
4.769322321717919, 4.79562747128285
4.713455731678367, 6.941726654033188
6.757595687730971, 6.940793389947446
4.7100872446417545, 1.2125696909741805
6.599576770536053, 6.904649157214079
6.736003084357229, 4.671122293810556
4.676982698934769, 2.3868287826510497
6.5716538294914555, 4.58552899832373
0.39018489726244016, 6.834753219123542
6.2619321192641815, 4.606380574206571
0.9986329090473616, 6.789585865057859
4.436182473238829, 6.736369347572788
1.0748457237126172, 6.709108570199577
4.368523024616607, 6.656468128082333
0.6078975808359921, 2.8755712998197427
6.4706803459475, 1.0283229769464073
4.109501536252837, 6.491678872186151
0.5813326191659186, 6.370101969551113
3.6646611885701357, 3.9406723780907766
3.279340353112702, 5.929150553170933
2.3761958300288573, 5.521398256321418
2.8894422538379687, 4.280550439306736
2.6575712412771675, 1.7239589905360897
2.5361323337030526, 4.639071517810563
1.9123828389999544, 1.1686874176438473
2.1398959997251645, 4.550856414777046
0.689050771166028, 2.1126279070575005
2.144901786679248, 1.208126631211669
0.6120201067208011, 4.466499263918804
2.165078559405045, 1.8730528428752584
0.9938738092160165, 1.4548192001007563
2.0877656391627735, 4.409132826560905
1.9590915663787887, 1.0058827185301793
0.38181757866056687, 3.948116903774687
2.04035701162524, 0.8930935912352955
1.4823903822552682, 3.771994671896313
1.7429675859144849, 3.6826115061270768
1.0910548764401153, 1.9600868691701159
1.3854443267300167, 3.4343261104039415
3.592200180829683, 3.7595205581691475
0.5481829134204494, 1.1827712655837062
0.9637601858204361, 0.9976231110752567
1.0761912897137367, 0.9400038604807712
1.8137854333743333, 1.343241784152021
1.1242961042476225, 2.424848609060846
1.110236320216534, 1.2828223785401456
1.7528037946683521, 1.6830808055204831
1.5156459118504346, 1.7808789038422677
0.44174727442814177, 1.880279771431113
1.2764505354590623, 1.2691607087099768
0.1385322663800089, 1.2143479621437367
1.7633436441350556, 1.5032305143810292
0.5652210159904453, 1.1476667586625116
0.598797067862852, 0.5985022182351315
0.6076359042522088, 0.9022603600115039
0.6709750075313026, 0.5939765325229509
0.7002528895506273, 0.46775148611771644
0.6284820608229373, 0.5274207536039865
0.7840281556598336, 0.5880440122220351
0.5924222929989188, 1.1822032246502017
0.572372449334686, 0.7466392964021481
0.6902460718306355, 0.5517957479039853
0.9119848613689002, 0.6358484098833453
0.14046712953727616, 0.8852265587205599
0.49219209826526766, 0.8125691070194982
0.6421391065100176, 1.2578770463822708
0.45068573745610324, 0.8736585319118673
0.45408231832948376, 0.45736755559483644
0.6631942653744373, 0.9361133478866803
0.7647281112724518, 1.2020043783290177
0.6343565220505633, 0.568428857316812
0.6704420169922732, 0.6430600369525897
0.7007204482189924, 0.7384153941570355
0.6402404545711956, 0.35689906405297955
0.14057844257795604, 0.6211535413208037
0.14390067456730335, 0.8247425906694206
0.317498586474785, 0.7036288568135908
0.6652600382114148, 0.7891534993304391
0.29162130659006796, 1.220586412942888
0.6372298994608605, 1.1389143672330315
0.9122479799403685, 0.8163011253111951
0.34460859799027316, 0.7562778345665728
0.6169159389971859, 0.8677986603754795
0.6905137550585073, 0.8736503719082049
0.5731617086670987, 0.712255564099679
0.29257914773737265, 0.244032481523142
0.2925594959982341, 0.7086345944516772
0.13553990374236444, 0.813200887720239
0.13604138515941655, 0.6791744117090036
0.28142697539401595, 0.22531725053599225
0.6368917265212182, 0.9367571991858525
0.43914049865352617, 0.8974399472017216
0.6120263228406155, 0.647270558894079
0.13610490166292483, 0.956386389475392
0.21543955626727657, 0.9144088258385332
0.6314306676703474, 0.8213682118588592
0.2593590555920677, 0.47965971983363265
0.26537966862709167, 0.689442514234817
0.3428324853619776, 0.6436302175736686
0.27353607507063477, 0.9940190000952527
0.9696466003262109, 0.5831295018629878
0.6326917635515461, 0.9008627025558631
0.37364207732457944, 0.9002218183843576
0.26308621758976974, 0.5602672302101431
0.5844952324978293, 0.6205887666552464
1.3022870554975414, 0.9873799394384155
0.13185054808783792, 0.6467809192820165
0.261457432988742, 0.911506298912002
0.2285855892945943, 0.16959940426002332
0.2736022068539078, 0.9600007911295851
0.9906653864015312, 0.8559364361655855
0.6376324661707655, 0.8894420451130041
0.6023485619974701, 1.017618407574257
0.6031622816753349, 0.1664756105386794
1.3191372297218187, 0.44374326850549306
0.5953420660875072, 0.16537767160294717
0.19640727510239656, 0.6072687640180635
0.6460077942799604, 0.4417002811199402
0.3839348064900706, 0.5572048449469839
0.1895752507907096, 0.14504213478689057
0.1921603644108015, 0.8680500984783721
0.2476234174101919, 0.8646822757243176
0.6164286276270162, 0.944781259399081
0.5766349746881191, 0.5700948892816946
0.6177959236478582, 0.860564315056384
0.6016404804814105, 0.614043639894989
1.2891746874667567, 0.8678967285536474
0.2152503723800931, 0.6577189315827842
0.6053876712356601, 0.9521531000352697
0.578713541390183, 1.2349453720683863
0.3362314329102331, 0.9582190393760979
0.6117534448488442, 1.277945439247467
0.6244578944196558, 1.2251107151831613
0.6177531614703927, 1.0217712780290023
0.10853088110247441, 0.9596404185353216
0.1689121278303247, 0.8866897249334806
0.17797910309894058, 1.2172797968739406
0.12879956377121238, 1.0345490782992626
0.21192899810228288, 0.9116801009662232
0.20351306190659169, 0.5774877599471954
0.5843425751604446, 0.1347999608014774
0.2108563947245594, 0.1271573235518684
0.19102361044466076, 0.970211622139517
0.2565971411806361, 1.0345040957749723
0.17195436820574272, 0.8650811941964662
0.6171865726981653, 0.9685123677446634
0.1686284891411897, 0.8686610626551108
0.21269099253565207, 0.9724291035117438
0.17835230685432715, 0.9725942515019472
0.1998685967437561, 0.5953756924324601
0.6011738908010497, 0.1316125484109543
0.11815899205763537, 0.9775781904562975
0.5779543445450804, 0.5676518542971943
0.5930243361541396, 1.2191222346154387
0.5824071151677898, 0.9903248219896639
0.22569823038288808, 0.8655858675879988
0.5544894126899559, 1.0260125784003957
0.2936889716185192, 0.9793722170605188
0.1369464322625831, 0.904723767293204
0.6173630123643291, 0.49792764651713795
0.15922286002467437, 0.8702976086538923
0.13829712937795413, 0.9831988697337033
0.5710319976634929, 0.11602870347271363
0.582882674417064, 0.8618594455580595
0.5963699980210534, 0.9642468672015319
0.20108088936160945, 0.9833578773071909
0.21225684628533334, 0.9340010880490828
1.034566495266552, 0.9202598823190475
0.18933350777170482, 0.5882257310989061
0.602306012481216, 0.9464710223322543
0.5628829843485939, 1.1857172981489532
0.12908716109717744, 0.9842698613407379
0.5987509925033693, 0.8694389096261774
0.1888820610495004, 1.2198193416610597
0.13873321719617984, 0.9588858808486138
0.1136996207648702, 0.8546959962970666
0.5799316039276137, 0.5821532150137931
0.26750502270186793, 0.11408099559936061
0.0945752889731454, 0.9739700352254899
0.0942482286268977, 0.8551152810434106
0.13340732989850412, 0.9856367640802391
0.18685311386016562, 0.9865960144283423
0.16381439825656083, 0.4682444778045287
0.5877294775531682, 0.9835041637983023
0.5956609375352165, 0.985227370449554
1.2580363838713773, 0.9845560771007251
0.13798402146316857, 0.9817782260516547
0.5856362774784133, 0.5907435371089057
0.14374006543842696, 0.10863520173105198
0.10512150407142819, 0.5919282946713285
0.14640425345238609, 1.0184707044055776
0.6048032492092134, 1.0134410112010854
0.5538413471800304, 0.9816288697674642
0.2559741835549076, 0.5153150896493426
0.24814080153117968, 0.9367875601797608
0.1477706623647231, 0.5750713676397475
0.5534422469835358, 0.9989686696082665
0.1626479901523474, 0.47039425392924705
0.13208253320987853, 0.8637407227030278
0.6107816309819897, 0.980004621176626
0.10050634404162329, 0.09851790927406953
0.13102229626888603, 0.8972017405728352
0.07931730799045011, 1.1772033015616772
0.1269556027028926, 0.5837415582267746
0.5978972483369263, 0.4795124924924551
0.1326408466512001, 0.9744130200357064
0.5969862470246383, 0.5945621123124635
0.5834291598586546, 0.09331829347711303
0.11792655474113546, 0.5924857054071981
0.15024826309097722, 0.484928947653528
0.13261586664012312, 0.5167094559311519
0.0867000072973919, 1.000222506583228
0.23655777774016334, 0.09381127344812354
0.12290578363456184, 0.9722271110723641
0.5766002658236559, 0.9449622186223104
0.09984167276931558, 0.8384434486775856
0.11954430320607887, 0.8396772703456981
0.09919645638035356, 0.9468892204921071
0.07871359433208922, 1.2246740023327138
1.0568674193394196, 0.49272746662749267
0.11929460955410942, 0.8381121748996156
0.12136971745796067, 0.9882281355939251
0.07004632203223916, 0.5414907294240677
0.0980174160243323, 0.5025745050117397
0.07943772601857634, 0.884407790536107
0.09587261341154953, 0.9462516388882849
0.096806753498957, 1.1978375142880078
1.2440895173727804, 0.8970417806716527
0.10988060709509992, 0.9584969222223771
1.2153098412778838, 0.5059614975437949
0.6049997152280181, 1.0985788456163064
0.08986764403055862, 0.5059118388858136
1.0443089091448388, 0.9733492329661757
0.5926598861428157, 0.580406543707526
0.5591416182329011, 0.9768163732605137
0.9944681749044326, 1.1969572841805785
0.11105737701807071, 0.6622345326418061
0.08055822378135558, 0.5919061267638598
0.553223107327168, 0.5431870527240735
0.5514895662529251, 0.5065980102454182
0.08467809377932765, 0.9556385888828439
0.08002620483269927, 0.9524163265983958
0.576488545936685, 0.5146006525310803
0.11079031578325352, 0.8338218774471524
0.6002684764140347, 0.9743619226380991
0.6008200855641451, 0.8344282011716346
0.5731205595066625, 0.8326135688755343
0.5919876827651183, 0.6386355252493584
0.58286762057158, 0.9474769388436146
0.08050281567164848, 0.5885998904334028
0.11269089159129397, 0.5257920521661272
0.21641218553926336, 1.177964954703299
0.07785225307568594, 0.9736007241394666
0.06598796435327349, 0.5292936541369154
0.11039006741595482, 0.8865932392623133
0.08957974754913996, 0.9974511949214173
0.07614175487730672, 0.8316434297732738
0.21793617292521353, 0.9668765462181147
0.10959696998380851, 0.543834567876255
0.0825623256837162, 0.5263310824569148
0.09252889466815295, 0.8323390723640707
0.5780016036132537, 0.9905218585419926
0.10977158477836148, 0.936901698764484
0.10411951889371217, 0.5908078915300471
0.0924736988109678, 0.8352217434283686
0.1099680555310898, 1.0421378916995985
0.09231103405682271, 0.5682926812825981
0.5971417908926016, 0.9319381638043758
0.08624122776708411, 1.1097734485691098
0.10474892585996466, 0.9304047381888705
0.10364073766413918, 0.9313125954947294
0.12254028196607256, 0.8971350363454167
0.6103489228645634, 0.9564478822301556
0.07246740680056303, 0.9635680568335789
0.10233981747285148, 0.9396470806330017
0.5800553874481317, 0.9441127891797405
0.974721444024172, 0.5446559626425316
0.07305530557460907, 0.8423306123627585
0.5885721968788465, 1.1818818393618982
0.1140923954250578, 0.9277075113385427
0.07231958167934911, 0.924763558875074
0.5882415642233562, 0.5484153110748767
0.08995196657834874, 0.9630306090339573
0.07553738512390896, 0.8560535046249964
0.5777134973730752, 0.8305063853232684
0.09881477475970424, 0.9581926823046716
0.5682162213983658, 0.6291501903828031
0.5598588138734363, 0.9011262779656739
0.5487319436420391, 0.5640138650690464
0.543182935855032, 1.1291328691295914
0.5453638122500644, 0.8355104446761283
0.10337761435485404, 0.9792109012836037
0.5476342503212771, 1.0207097669528518
0.09819738728624557, 0.9037972207980951
0.11548078751879186, 0.07230678110249113
0.07909091344479319, 0.5675734299561707
1.018253091232002, 0.566576975372962
0.58369415175936, 0.5939703003933979
0.09500350586849984, 0.8317928760819109
0.587326676773268, 0.5663113202165696
0.0917300564880453, 0.0729320622743825
0.06585919805282024, 0.8640614141743059
0.09087992327027312, 1.1647982068786862
0.5983550182722118, 0.9599997605438222
0.5829163963253025, 0.5364586766387386
1.2206896076380647, 0.5836695231644635
0.07264974752478341, 0.9920685879468631
0.5616718948775438, 0.9414132009585463
0.06300566247163998, 0.07096588994975794
0.19402468168535145, 0.8316055880257469
0.08665788833105766, 0.8331741268675728
0.6071837186375018, 0.8321164036150248
0.046741231301655806, 0.9069222521839684
0.0890183583472431, 0.583794461468241
0.07178068843682646, 0.6285552524897291
0.09458663451990908, 0.07032100050529425
1.0792238551253024, 0.5144402141095029
0.5589095527807187, 0.5050121625631369
0.0908530209737002, 0.5883094184410255
0.04702060400448865, 0.5868908918368811
0.059749765756531355, 0.6240096820981587
0.9987695128307549, 0.9431209056285368
0.6102062546882042, 1.1971111999806257
0.08179569845973632, 0.9422311196985944
0.09916223858013003, 0.5866173077159517
0.08480882015932645, 0.5485435919312334
0.5423302874710088, 0.5856967403835355
0.05965030865193571, 0.6269572837651094
0.5936110073510696, 0.6053474241136956
0.5674678177863087, 0.5940747788282154
0.1810851576463334, 0.6277715866003925
0.18018751948869038, 0.8347648263591168
0.06218810720687612, 1.002243952584017
1.0638091339030673, 0.9393228517683395
0.6200172437242449, 0.9452093831592305
0.9923267694562374, 0.9669084617842814
0.9859796419433868, 0.8378840880651166
0.04381766140461394, 0.9434936898389642
0.5565165941361, 0.5393490608324419
0.07512257385316372, 1.1989619015934727
0.09172110814378621, 0.6002819136400565
0.06257182314723338, 1.2106577049879734
0.5263937885144454, 0.8954061874164518
0.08350974067443022, 0.8949009005036886
0.09842265223468157, 0.5369376828611747
0.07213026757973745, 0.5362627212701498
0.5875899568877706, 0.8939915295816008
0.04797194895425159, 0.9358809578325162
0.07578165140457661, 0.6268023231930425
0.6047223145435475, 0.6371249011383
1.0611360348353474, 0.6118010495464855
0.5604730631116471, 0.06553014152938953
0.07085859260471031, 1.0102729316959527
0.042116394799009284, 1.1288536461412242
0.0709728080113077, 0.5946280130240512
0.07565890391490733, 0.8454407259187902
0.057657160896194645, 0.9317874446490066
0.9970948128827251, 0.6118971487160688
0.09319720037919776, 0.06545681675012105
0.18458671757821227, 0.9393434130244358
1.2130560271263782, 0.5119380952829218
0.04092261944015721, 0.8628388027408833
0.06951462348952317, 0.8764299192639939
0.05795395445317198, 1.1644172035645786
1.0618009906527925, 1.19014432557122
0.04650933951200982, 0.5538919005495834
0.5874336896943323, 0.06497147829592542
1.218551922210288, 0.6185987140288312
0.07914943960413053, 0.6265136308998935
0.570184966688745, 0.8894651938711571
0.5956031227682065, 0.6226202322736735
0.5855364392808143, 0.8495208427481329
0.07377563952865958, 0.8501403102176244
0.040670254563835245, 0.6206153048348245
0.047850665854727234, 0.9917111865311392
0.17538305471254892, 1.0017367220468925
0.0787654873776614, 0.604117768206012
0.07752294430002196, 0.5476738138946743
1.0040724940823802, 0.9256020599620294
0.040221080300742854, 0.8140932046543126
0.07278841196001816, 0.6238378929005516
0.0542332139013974, 1.0144385312557278
0.05974739921265692, 0.8866299701192506
0.07311831716629856, 1.1473401149244993
1.047182979391848, 0.8099466031006164
0.039493934158339565, 0.843718583155739
0.07426814191995536, 0.8505973342458046
0.6165171468280696, 1.0015893749337876
0.03911258958515385, 0.0663979350199528
1.2130180397816794, 0.9244319113911246
0.03804746679107095, 0.9172287741581877
0.5805130899774403, 1.1431656971004032
0.06780612320027506, 1.1246059562640645
1.2041793602109012, 1.011287313608691
0.08380212304772912, 1.0336172607304908
0.056221067437983996, 1.0010305912648791
0.8857573760449008, 0.8813692465629615
0.610267885136866, 0.9346227356886578
0.06650035137230009, 0.9160454225119892
0.08567402332517297, 0.6170040002008481
0.05231355229546321, 0.6158892520094816
0.06431913260163323, 1.0004857383748555
0.05155148339781296, 0.6468856577366475
0.08361716091373377, 0.6408805585561891
0.07081590347691676, 0.9237707334152658
0.03618170493338458, 0.05832800032969927
0.5510367581229418, 0.8984623333593371
0.548678471006891, 0.9301041656553826
0.043195463065694044, 0.6417609816342299
0.5577011407887603, 0.8623556316091978
0.05123849412605169, 0.8954290877669125
0.5667753666342324, 0.5564910122163996
0.0697258790648858, 0.5642371408834592
0.5670546957999182, 0.6470490850898081
0.8897251174502723, 0.05674988323461576
0.07160230707610941, 0.6264602248803133
0.5742197222439087, 0.8775620573817007
0.05860710343824066, 0.05832471229433297
0.0827090484010403, 0.057324096777135805
0.034209941148580975, 0.8745376178795585
0.15697661271995472, 0.8776229553554282
0.08450211041375834, 0.9143164490151199
0.07037019945989663, 0.6536189942992444
0.5478742491155929, 0.6132420830138531
0.6140653976191196, 0.6079225683202988
1.056873751086333, 0.5180551940100645
0.05340868655079766, 0.8786175390436395
0.5775426298724541, 0.9963409244339225
0.06795758600724494, 0.6557302197974783
0.6018789704478826, 0.6117357249009058
0.57208985354595, 0.9144230477956234
0.052958215244888425, 0.5350759117263731
0.5666424698567937, 0.05517993487368279
0.07125865961166243, 0.8735176842197017
0.5630133932761959, 1.1721388724867052
0.06419666620642574, 0.8891694973906088
0.04893039288546504, 0.6015038606876645
0.06814595869449835, 1.1255731650065053
0.5486848942503373, 0.570296680808612
0.5426151538275191, 0.6605184677836392
1.2017479308015888, 1.0524812608580696
0.7668798913084618, 0.6528753869616032
0.578905878995973, 0.8708665640961719
0.05203090517172294, 0.6504993294862241
0.6058898039456948, 0.5967395661334384
0.5582020624629108, 1.062094412506083
1.0091905202595475, 0.5705346719241334
0.05457151634574786, 0.05521783285885924
0.04409557342559389, 0.8407939983562465
0.6186277967096029, 0.9089019790181678
1.0017998092660318, 0.052641788861623504
0.06659127315668606, 0.9749569601585402
0.5531805194145522, 0.5180421718180358
1.1834046179633326, 0.6773301888501709
0.08190823538955123, 0.9119350835413209
0.05875850276125338, 0.671445671571405
0.03503133027715613, 1.03956024665033
0.5732232104269613, 0.9216464291233784
0.07698164032484614, 0.6769759595645259
0.5553487727458021, 0.9279049359897813
0.07047592222931194, 0.6816502456831294
0.06841041621794182, 0.5203332625651782
0.06535588454422968, 0.9371635620104273
0.5656780520262983, 0.9401562979752247
1.1913899018843486, 0.5841406736833694
0.04156346294526415, 0.8274027877055781
0.029568654341672655, 0.05262901064802146
0.05014361753378415, 0.8004882111619833
0.05741048573366082, 0.6768750273258244
1.0135421488668432, 1.1950875076221583
0.5437525095835519, 0.9104467718512697
1.011812513740548, 0.9604640801416073
0.5822620326569267, 1.0688750272023206
0.04964284960667542, 1.119370192215389
0.03420400386493384, 0.9030051445435789
0.5511776036592781, 0.05314053880886142
0.521173794012403, 1.1658011281213765
0.055958358049126466, 0.9730204670447835
0.046616243024506974, 0.589309314613011
0.5837794667563415, 0.5770341067995794
0.06459392358552131, 0.6901908455894485
0.14100014777150668, 0.5858359321593688
0.03405696247305531, 0.8673341969918835
0.5388949111314942, 0.9770389172629048
0.05096256921760032, 1.1752260194864823
0.07589601398195935, 0.7797201892809789
0.5695218047900462, 0.7876633921674686
0.05370098415679642, 0.978471766485173
0.09058693609169625, 0.5668575807802744
0.5648907562229261, 0.5931424948068544
0.5691528729979821, 0.6934631282911219
0.027455247035760553, 1.1744246982194235
0.5321884684578124, 0.9030152867186546
0.07562415513024105, 1.1701315637288912
0.14597985301796787, 0.5789632142878116
0.584058674372553, 0.5993456708373212
0.5539436129203419, 0.04947127059806294
0.04431739447213963, 1.1598867092846508
0.5652237300449774, 1.1657752099276892
0.5604555356614066, 1.142157589000275
0.0550530701718479, 0.5264216143388303
0.04023527646304722, 0.7316936902353699
0.032790564711257436, 0.9138686577589044
0.5446269521072155, 0.7019083706730554
0.07308804432479789, 0.7048010459206563
0.5476711077659355, 0.8646844519352259
0.5347096577959489, 1.1289000074512914
0.040432465088834434, 1.179239135726494
0.1343153983673725, 0.676030426523443
0.02708370158145267, 0.5837919651473682
0.03247471313969342, 0.04826573510708031
0.5300879500693937, 1.1922539155142873
0.04430574079470687, 0.6020047778317015
0.0686639050280906, 0.6501272154283199
1.2047212588355378, 0.04839649812129023
0.5134581404551674, 1.1149311663182964
0.039394279038544575, 0.8662039319158763
0.06843491446554985, 1.2014294830158823
0.5605728214887217, 1.1894156144311097
0.04668732780840725, 0.5756061176614347
0.5477496918077379, 0.4989882818260236
1.2023224555579402, 1.2082387462051307
0.07213650109945345, 0.8616491149645453
0.05016491801959268, 0.04840454867175894
0.5379228716612974, 0.8627244674870929
0.053156162774779865, 1.2225072813831679
0.5125255562996691, 0.9082147235185225
0.026332079093339424, 0.8628043105102579
0.12893741654860336, 0.9082240256620533
0.046440578476891106, 0.8612442245506806
0.046024144022939126, 0.04858300985713205
0.12754578069861908, 1.2374567562575098
0.5607894191195228, 1.043812354184169
0.041768492199297506, 0.9098024798694657
0.05150514124822297, 0.04666585875953956
0.5459974570172414, 1.1463494179758058
0.047403359139798144, 0.047587223943619764
0.031433644840193425, 1.2419465115401196
0.04010812908782935, 0.046685447771856195
0.04903992404488131, 0.9068905473962806
0.5254733431200834, 0.5588248321043842
0.03718335087089474, 0.45453092296682207
0.02601145662118943, 0.44777292340107816
0.0744820092728718, 0.5369443266294658
0.04646914833549954, 0.4439739643133639
0.5553360664057719, 0.5263534028523641
0.031005581017775178, 0.9053603580580389
0.055192001150223616, 1.2607712415602808
0.5435706649316907, 0.04835991942588452
0.03736697529241277, 0.5766768952540697
0.03088193793060224, 0.4234423537221096
0.07090048475374683, 0.048056355351832156
0.03778190921771858, 0.42493392883220993
0.0711379692965513, 0.7236505010296871
0.5146430413618434, 1.055221049345962
0.5113740427558165, 1.2559438170215247
0.12090086607979977, 0.8616280932861249
0.05167658433903278, 0.556448977813898
0.03682044254752583, 0.9042953855078755
0.056151311607759644, 0.9021504808450059
0.5258771698131958, 0.40307228673187645
0.5376225648797722, 0.04544508593564196
0.517295060321164, 0.5084424370215361
0.0694874811296085, 0.04722158990237437
0.5189455356748737, 0.3999309002092679
0.5331244393726782, 0.8603657429176028
0.05387415563000957, 0.5653773337961832
0.04528954562560685, 0.562387382168427
0.06144661936408098, 0.90057190227865
0.03643901990855749, 0.8590607029254052
0.04393744827503878, 0.5662248185180784
0.03658643802444415, 0.38450080329445996
0.058160889510246574, 0.90272600550858
0.5541948445727959, 0.9060914061277907
0.5427584972242028, 1.2022433770202638
1.2354653333418215, 1.2094280535192332
0.5310082250140495, 0.3802819338229568
0.036423884922820914, 1.0642862477762292
0.036162739351748276, 1.2669699653892137
0.5443876172837139, 1.0664771352350557
0.046881823074370985, 0.5774063271994648
0.5241820091044821, 1.1562780499018246
0.06731690975352159, 0.5559393016711361
0.06935363125296659, 0.8588003615998379
0.03503139540934305, 0.8590674008202297
0.11444255489145061, 0.7450207438941848
0.050844356677109744, 1.2674818336182374
0.5454585160907849, 0.5867620545569137
0.03845006679095471, 0.8583277078792106
0.04162870942345732, 0.7448461433112917
0.04236936311624257, 0.9001426245816904
0.0656410530179168, 0.7457802389610179
0.04907739111171777, 0.5704843710835502
0.05712264000259287, 0.902282561690188
0.029576921581087927, 0.5059710090573224
0.5286858620610908, 0.9022521485388969
0.07017672569261162, 1.2115668130265582
0.048899763697265446, 0.8573923850963319
0.029411524725762334, 1.1957894385264642
0.5467531181587886, 0.903635683202703
0.0451291684543631, 0.34902241304491
0.11568740603111702, 1.0730207095157207
0.06582049068861727, 1.0734388234291106
0.029228762289003066, 1.0719990991570911
0.053059726895973165, 0.8990161254360427
0.05663172317016146, 0.8996640110187608
0.5280022019321942, 1.1796748020417185
0.034729856563348184, 1.0729877711689357
0.04105133751370138, 0.751178003587799
0.024174908072239404, 0.5797649087090362
0.04442315234308691, 0.5356786586180913
0.5346083959162774, 0.04349008267461261
0.537711598093349, 0.5734630382465624
0.05617179136898248, 0.902004496092579
0.04189459572866375, 0.3305292534191263
0.517980491043128, 1.0713959175324042
0.023939812873442184, 0.045473586602323306
0.5285319403143762, 0.8590338005955331
0.03385549074775528, 0.5052007689344461
0.04512968420144945, 0.5502249664003268
0.5382730484427044, 0.04280486998054273
0.11561147151402464, 0.9065335093302813
0.036697184710485546, 1.2766191945801495
0.041398858876397535, 0.8587408314444198
0.06854811215507356, 0.7595956130137974
0.04090248699515844, 1.07638820353845
0.06328337141131234, 1.2786076924929328
0.5336889585225977, 0.5531541544037338
0.5528478443241132, 0.9041649743996449
0.023431520423768032, 0.764443963299807
0.5513776989321144, 0.5354001228669575
0.5366320572494027, 1.1951132446371455
0.04695180635169466, 0.9005140395620226
0.04661111656517212, 0.7694882254479856
0.056028845980779625, 0.04184583339887977
0.045972530907629754, 0.9022929312361649
0.03978094198814128, 0.3117083600106341
0.5370628048450853, 1.2293904195005794
0.04310472796845118, 0.8565139804136754
0.03336907378839904, 0.3081763754594031
0.06186254790929451, 0.7665772620068088
1.243502893754247, 1.0803536643903087
0.050058313625998385, 0.8966472846716413
0.5149617345927063, 0.8967783101145168
0.06596370702740792, 1.2197549700607133
0.05878917328973277, 0.5176635785616917
0.046462170946395036, 0.8585304003883614
0.5262071637928117, 0.894967455274507
0.054752879618726664, 0.042708799180561315
1.2265927823441887, 0.57692872908462
0.5336624850194521, 0.7767547275258462
0.0651304445574381, 0.7735618813709896
0.5312609711127331, 0.858649713616533
0.5068938212724045, 0.7719600036883222
0.044239680237477305, 0.04042143839597968
0.04141693044064423, 0.7721902763912726
0.02308434675963732, 0.04061099840048516
0.04419748541418154, 0.9012296298007076
0.5108807120634179, 1.2792509525081015
0.5426810987438329, 0.7734716349451095
0.04616844509368005, 0.5725106536538626
0.043515156543467944, 0.896914689301507
0.5167010242979537, 0.29209330895605545
1.2220653107385575, 1.2744223422092755
0.04796893938555489, 0.8577234747518625
0.05812572067420002, 0.8978924148083729
0.02304880153334646, 0.8595563234208654
0.03978409314805095, 1.0827804552770588
0.5627871202739362, 1.0856747782484424
0.525624309824266, 0.2845475483502563
0.5194605234863051, 0.8594906237491327
0.0573178095025057, 1.0851151589151091
0.060622477154114444, 0.7823527501426673
0.02272090219489568, 0.03978701608201679
0.039649768149556223, 1.2723342843991508
0.03449705657644084, 0.2801167600701349
0.05984996244051909, 0.788241083467738
0.04219809025391327, 0.28270120158239515
0.5041840317391961, 0.8969764378568585
0.04182362735408862, 0.2812255494222601
0.03928101427586573, 0.27865359227881986
0.05840291409976862, 0.8977570907633969
0.5268409320297311, 0.8590702538154282
0.03642703707829299, 0.5869986412562609
0.02263981165971406, 1.2749574533075945
0.0654448706244743, 1.2701015564645606
0.0468078870669384, 1.2697645462432108
0.06401911042929374, 0.5661476229457617
0.055923070315409204, 0.8583253490736158
1.2271015095636806, 0.2731895217000568
0.5186023722694988, 0.0398791166633315
0.036300197787064704, 0.2696847120599228
0.038734666146278546, 0.8977033862170314
0.045085657140216805, 0.5698138150797519
0.03870665783049451, 0.5211351336774823
0.045046780448894964, 0.7929230633053904
0.05882561266068703, 0.8986845403129659
0.035507636694656286, 0.5312054546042555
0.515979470938637, 1.1793901213005884
0.5291991095657914, 0.4922129631373747
0.5222517498123378, 1.274586597176283
0.09867353836126423, 0.26681956365528775
0.5364680009488123, 0.039602205892304634
0.057341325362565636, 1.2201674583543007
0.03089724578113006, 0.8928628207223943
0.026757009670492184, 1.2772894227566092
0.04647182123896225, 0.2628830133585432
0.04935331046037692, 0.03873238953900306
0.05838529103472906, 1.1825903085557614
0.543884019442753, 1.0915424625268033
0.5418242577133117, 0.501626083990769
0.5212914620356766, 0.8955930429210375
0.026576999737548932, 0.7943159028331462
1.2248338171684623, 0.8941781819054226
0.5151718908647126, 1.0873973668517114
0.537002337518173, 0.25876892723064726
0.514201433555305, 1.0919450321654212
0.05212665180727471, 1.0906285317647992
0.5355965923799305, 1.2762803969988052
0.04756881161787585, 0.8592733574408216
0.030353593425132643, 0.5395284711647995
0.5352418570159722, 0.5134759521822759
0.05842530717693145, 0.25556371621071944
0.034972225857341305, 0.8019716355154405
0.525475485170885, 0.5150175561644958
0.04023297892313662, 0.255277046346238
0.03752023964243236, 0.8597866682572795
0.04334795574008065, 1.2700142675823998
0.059100873394778264, 0.8037061236686169
0.04706623256778018, 0.039488422525962616
0.02624298526003713, 0.857983403272738
0.05844672060881884, 1.180979117098451
0.055427775546667654, 0.5076970750747832
0.06025572336152557, 0.5694220433602082
0.042896382082479846, 0.24748936220586365
0.04020092611034864, 0.5004937823043035
0.04278115253127609, 0.8608611550836278
0.031263856534105024, 0.03769841000960784
0.5241183336017505, 1.095915048679952
0.5343657561945642, 0.24422342532949193
0.030031363154560113, 0.861471982741113
0.03703308642961092, 1.2472804100338843
0.05143980479459342, 1.0966643928105568
0.04206852931719252, 1.1540450738807129
0.05062181489693175, 0.5876014030141026
0.05544725375687619, 1.0950199612734721
0.03941862987947762, 0.03725207921527652
0.029869419737372088, 0.038514692182962044
0.5572095074068015, 0.5669522347397322
0.02580679304835462, 0.8906023070827962
0.042611507357043006, 0.2358781813739807
0.5327470042317247, 0.8919905774146939
0.09111308664716664, 0.8930520722382054
1.2213181471601409, 1.0956537830947688
0.025727325101523455, 0.8592764109791349
0.053493195209461934, 0.036303025273402637
0.05942731799746605, 0.8612010955897771
0.021857710658398626, 0.03752618875250163
0.5272281279859908, 1.099194626982715
0.04351141050881686, 0.8935082305745633
0.033137813500951456, 0.8613442492416927
0.5359103224852612, 0.8175192888136553
0.05311462378433502, 0.5109183902215769
0.5306020146392751, 0.8599338035633517
0.06034888428643616, 0.8187536344408031
0.03051128767752754, 0.038670641157605
0.033473870454600235, 1.223062651654763
0.025513366453769698, 0.23146011682450524
0.030407731863129835, 0.23199589834065515
0.09172481089698895, 0.8615337226365838
0.03244763380803239, 0.5207529898071145
0.04100286024887099, 1.192389750070879
0.5299775798890706, 0.03763940104794383
0.5356260704166382, 0.03700916041377572
0.5147694436326588, 0.894170278628905
0.03246533386257621, 0.2325203482861648
0.5396706965369253, 0.5940722259725293
0.032444920875165824, 1.2835376276032098
0.5368728412118959, 1.1036396650063283
0.5361846261702291, 0.8900587358101191
1.2200640928390876, 1.1025729410497578
0.5628096274506132, 0.8885262119601085
0.02158230376459665, 1.26629374416566
0.03648211663674306, 1.1021563282149587
0.043564567036057135, 1.2228000505963463
0.5191518084400946, 0.22419698675795324
0.03572150007693321, 0.03598495326768391
0.5471708884267374, 0.03690591713516538
0.5295271020605486, 0.8277325298731599
0.5374797954691743, 1.165559229884108
0.5495006963126801, 0.863038809995021
0.5319321792309482, 0.8301059149277676
1.2110939704747645, 1.1030293871265342
0.05228446714715874, 0.5871031911556495
0.039688599980348245, 0.8268840749800148
0.05518304294801692, 0.8918601830866757
0.04009672509190176, 0.8280888578274193
0.057749496137165394, 1.2713352231686983
1.2069214920321258, 1.1024005309086111
0.029058709172573798, 0.035208684927286134
0.05458011849811962, 0.8631148793071459
0.05658363120151179, 0.5976342792183057
0.5262932034328943, 0.8916096346414044
0.02113237141456824, 0.5171750684824461
0.03523381927992829, 1.1622407782313058
0.04345470564657424, 0.8331566054342519
0.5357352723261536, 1.161506122161294
0.05128029082757385, 1.1704892415523127
0.05691199525088254, 0.5946198280781918
0.024891305351496522, 1.1052994997146286
0.05589791729890475, 0.8884744161042601
0.05514609724963183, 1.1547596536011344
0.05485482712152039, 0.2115608237100594
0.04983073985594372, 0.5946668570484938
0.041783440441408796, 0.49941120817288265
0.5257502984364195, 0.8887274515596066
0.540476302785123, 0.8873642015753369
0.021208801414356732, 1.1060579002802733
0.5207708020122847, 1.2765391572579434
0.031167007998589485, 0.8651787988696926
0.03490614769858705, 1.270715047445092
0.5266539435892685, 0.6122210093748209
0.0412056284516378, 0.864784466887931
1.2064390173952, 1.206085199733316
0.020802659417023524, 0.5886273078927092
0.04346757538039791, 1.1043115993651187
0.05267081307856796, 1.1554895873270217
0.5488465609738901, 0.5957708795101998
0.5274130953260774, 0.20649761238659553
0.049417909744666755, 1.1866963618481934
0.05640425627852457, 0.20688605060616155
0.05333912205798003, 0.886053231742358
0.049126941535633926, 0.8428588005716058
0.05386015451010911, 0.8901539108139616
0.028760784934600655, 1.1779049265127473
0.03511102889477471, 0.8875923968874728
0.052626272273699926, 0.888891801521978
0.03415566810050664, 0.034707650078454236
0.02088478274057926, 0.20599383660463383
0.03427673809054443, 0.20681245632128548
0.03888659025637844, 1.112836171204204
0.034569079792209606, 0.03572077956911101
0.08295078204722034, 0.5910172695283172
0.038613965609392606, 0.036400264872577616
0.020791775212626314, 1.1831426545600814
0.034055007496208586, 0.8867492751731652
0.03041831952181007, 0.8646266330615207
0.5236047383111978, 0.5075063039505237
0.5599318988579856, 0.20451103248532593
0.5173220375256256, 1.1930231268526497
0.03839879732119145, 0.5764516986158356
0.5201333133078432, 1.1116031393949053
0.037144025373428216, 0.2013755125649308
0.037003550645063915, 0.8467550507360546
0.5507642256363867, 0.0344860242644315
0.053053503418958266, 0.49853395360439146
0.0369200904192201, 1.2691698391913238
0.024109045518820423, 0.8514491171579515
0.04799448913808663, 1.1126678293081174
0.514769631227352, 0.605255583646515
0.04777354693386406, 0.0336712618306194
0.039825180149329904, 0.5194982766055897
0.5289105759795285, 0.8670792196912223
0.03563030260745095, 1.2694971240490107
0.5063959912803818, 0.034822219602394774
0.033585783815536924, 1.2402950778948088
0.035374678069754285, 1.1144860606127545
0.04149932387138626, 0.19539562165188812
0.5332847573520572, 0.8653613344181936
0.034729897704065836, 0.5102774479908965
1.208404073020648, 0.03402990419021935
0.03340781745856888, 0.03513084281940954
0.03336853680452537, 0.8861459267520806
0.5392088190509443, 0.6118924541026775
0.5369899354287271, 0.8648990014788895
0.05270684958058409, 0.195088219412821
0.03399616992262521, 1.1182428408899574
0.5252082008311766, 1.2206771965444652
0.020523177095291542, 0.1939003419515995
0.5418997950724423, 0.8673469380145933
0.03378209953425028, 0.8837244951858183
0.5364042074714617, 1.2115321703770399
0.5506174928869795, 1.1179581711455173
0.025563394779363677, 0.8656153914169968
0.027223614209208827, 0.19177246926378674
0.5272498814895441, 0.5196740404990453
0.5166469633784025, 0.5036793457922722
0.5574771475997092, 1.1202858126696535
0.04619955927686664, 0.03291896414801148
0.047678781095606915, 0.860560629827148
0.0412714319245169, 0.8873307522694995
0.0325234571024767, 0.8661877749238867
0.020496558299414627, 0.18821816750642892
0.5111186483565561, 0.1894675050294397
0.04143808329775831, 0.5514792799753164
0.023626061226622037, 1.2204123910206788
0.5226216637274343, 0.5097211390183662
0.5345897066052829, 0.6130913996410243
0.020192373307108668, 0.03376710097101497
0.5387215050699451, 0.8666346177289448
0.037973258929612445, 0.033650131410010484
0.03894885147613596, 0.8880413992248906
0.5255326414654908, 0.033484477549394535
0.5136128578410427, 0.8666855028617235
0.5153568839868453, 0.8659207570742706
0.03788228399053424, 0.03464918255531825
0.04720711419924435, 0.5821063563647872
0.5276415525676339, 0.5231119680528405
0.03505699443839484, 0.03334472305998843
0.5608465830346084, 0.867580275267513
0.5261495499408073, 1.1757719569667946
0.5560595645790999, 1.2322319500777843
0.5552832941512839, 0.618948353617353
0.036609212121425184, 0.8689930138918698
1.1891662871452795, 0.600975386792915
0.560009367642664, 0.6210655130146555
0.5501207521136406, 0.6225228029449063
0.048605113915568564, 0.033171532058688065
0.023358533956239092, 0.18521737931391155
0.03768911960757639, 1.2233420554664065
0.036423729106771933, 0.18376548948813126
0.07892878288308153, 0.6047753785789173
0.5202428741704508, 1.1234401397750151
0.027655291417459923, 1.1221121578989255
0.03624681911739628, 0.8745892738177954
0.027809133628043152, 0.03287180488475604
0.03415822858509819, 0.868396813478651
0.045500578787352655, 0.8738341575947202
0.033036069420295466, 0.03291457001909914
0.02685398153270901, 0.8727690473674679
0.04544519702496394, 0.5081227299808538
0.5399364394937859, 0.5072218401942702
0.03209234718580357, 0.03237948863210072
0.03303173209725451, 1.1252250451446772
0.03335246874661646, 1.1235442127720676
0.030972559557369335, 0.6015857861006707
0.5366193669314706, 0.8800320504074619
0.05144533993817662, 1.1889443264439643
0.03581507483852265, 0.17993286492055713
0.0381470963930499, 0.6033513732352284
0.5146528275295187, 1.2696126887137638
0.5277912513550351, 0.6285031047171226
0.04033128221411493, 0.8685302067803533
0.033237303386918, 0.8784574016067663
0.04000123575748835, 0.8790200760142011
0.033954586395169475, 1.127869868502041
0.5330943014945896, 0.592088515947106
0.5319191340030667, 0.03276798623672754
0.02295294666799597, 1.1278678046205137
0.5372076241454452, 1.1956907604599627
0.05033156946856533, 0.17499487192897753
0.032836268182970335, 0.8802468610248138
0.019821614648753164, 1.1264722866105221
1.1951339563156054, 1.1292880128427127
0.5175369036322537, 0.5307912319532101
0.04900349004041126, 0.6322141340855062
0.5149015612872918, 1.1281361202817093
0.08332404758997662, 1.2639446174498
0.025839865717579708, 1.222954089391383
0.026380271720478552, 1.220958907262748
0.019764444146380133, 0.6241384748384495
0.0784589475044455, 0.49183553880393516
0.04476357559182053, 0.17434528698937818
0.048287805458311406, 0.032088349074394736
0.04423905775009971, 1.2614908328342058
0.5301558607147, 0.6072910302651505
0.03319506317666723, 0.8705167131060743
0.07816587726936892, 0.8726484233670251
0.049160543037197586, 0.888773247098799
0.5158675207440843, 0.16917032152192155
0.02589022380685199, 0.17204197139370975
0.049806549299942014, 0.031396330718346535
0.04449365790250053, 0.5071371318958199
0.5398469822882036, 0.032556962969197564
0.5323016255016687, 1.2638315954675903
1.193864798940266, 0.5968181665644339
0.03214362343363655, 0.17053259316091826
0.026502580254477152, 0.4880373337828957
0.531295075790391, 0.030991890773171625
0.5297257938551622, 0.891223179791856
0.03393641428642937, 0.527873261225868
0.07443727578248967, 1.1283989686785483
0.032697363710819, 0.8906508319531994
0.5113601775768596, 0.6118214625441472
0.04349642236355952, 0.17209587713087207
0.02520626148179336, 0.617492829933251
0.02531257296978285, 0.8732390841223643
0.5431705718278361, 0.6447328476818968
0.049385047626886606, 1.134250771293127
0.5293678912066377, 1.2614660387045318
0.5270572710064161, 0.6113852826272896
0.030715641081208694, 1.2596544557190228
0.03463882383410234, 0.1704741562536856
0.04295908487850123, 0.1706876900419789
0.49762724595759666, 0.6083544326965049
0.02991941360239401, 0.8733187259449522
0.5209051863939196, 0.8839542272317311
0.03859669878640149, 1.1745444212569505
0.5331722079135836, 0.031237690659003593
0.04814221268736762, 1.13564123183775
0.5158829973035387, 1.1367208164485902
0.5439577924238646, 1.2593978141732731
0.03781366496711322, 0.5194010675964086
0.03244222603632793, 1.1343921412232405
0.047859281295954015, 0.0317341847568034
0.019467854460570876, 1.2578902435762471
0.04679364807003855, 1.2143522221444873
0.042706861193225525, 0.1641688191082409
0.019256327417731943, 1.256222020061091
0.5511447360940471, 0.8744453175031595
0.04289198423113342, 0.49897651271104826
0.01938578135777328, 0.16435155732119303
0.025953972893615257, 0.5176778871673882
0.5286170129635557, 0.4976772927122156
0.019450669520331317, 0.9011138662448968
0.03429160249003015, 0.8763923829051503
0.0330064584774401, 0.8984424678390639
0.5204967345528001, 0.16424405010587972
0.03517524161474373, 0.9039417537881469
0.5230914323896578, 0.16197651074834285
0.03251201697051364, 0.5222015349635091
0.03562088443347577, 0.03176708310810932
0.03714116325245771, 0.16200132886833687
0.5114930732476369, 0.16088221053953106
0.022110530258774113, 1.2572595029205744
0.027510138364583377, 1.2581246371959254
0.022145957802753673, 0.597634803344269
0.5084181353480658, 0.5954760251733672
0.021945485605771368, 0.03306556064209731
0.5264250608940381, 0.603883642993386
0.04634738247439452, 0.538497290695278
1.1489490613529345, 1.1331757120868302
0.03222590011320935, 1.2508432544413324
0.030011939762155763, 0.15702812150715936
0.5074846104539646, 1.136951940272242
0.03352386950700192, 0.16256439835483674
0.0334407783451556, 0.8807694765878147
0.5357038633931883, 0.5057029808570171
0.04040079023765206, 1.2046553858463225
0.025764893676511906, 0.8763625566720019
0.03018461857657507, 0.8776000830632478
0.04250285253466022, 0.9084677101196548
0.031022397503696147, 1.1369692079542515
0.04487355340447027, 0.5151522361752904
0.024724873764560035, 1.2118512732774922
0.029653130841283425, 1.256891011315448
0.03061807784877601, 1.2578213302323171
0.019104922804776422, 1.1656525900630557
0.04123546427203266, 0.03059970299598027
0.03348514798734371, 0.8776172306571774
0.02952859517166298, 0.5259769906422548
0.03473387184578399, 1.2585474497391684
0.029617047114024044, 1.1390326489511147
0.04249439040939793, 0.6102032433350885
0.02490643422565423, 0.8774254113569173
0.03328786485643021, 1.1386767262201027
0.5246829903538649, 1.1842454256841373
0.01902190634608446, 0.8792380345639035
0.033203505304882926, 0.15612821962574605
0.0346902377052679, 1.1990451821206614
0.5418211934132517, 1.2065909974994533
0.046904485461138214, 1.2314016620713526
0.04314774740712315, 0.6241573686326752
0.5383110002192689, 1.2358401931062524
0.03475193702271483, 0.5131382105628808
0.5133419646951188, 0.516065399250886
0.03320969112018567, 1.2617901311355784
0.025045408069505056, 1.2620534857506784
0.5338340133360968, 0.8790397346710519
0.04833322985487643, 0.8795542742947067
0.5168700405287759, 0.8766811850793121
0.04764825082326651, 0.15375759884979084
1.1429347014206404, 0.5142592723850054
0.034293526503119155, 0.8767961850341901
0.5444860444647541, 0.6219422483263591
0.02907055019817775, 0.030520597977348914
0.02468610765497406, 1.1436225519431715
0.07085913958881902, 1.2241513785893352
0.0360658864907055, 0.9186978370942303
0.5252759108422199, 0.8787463706214282
0.03666554932194425, 0.030419182039965166
0.04637281181887659, 1.2581315573835052
0.03916254939854266, 1.1456917270740015
0.045890113429752466, 1.2574122419433391
0.01867573810851445, 0.8797103946786891
0.5232535199645549, 0.02990231129045188
0.024665263712669333, 1.2580468831018659
0.032496179426277444, 0.9227308156650567
0.032791378005503996, 0.8795889351031134
0.032512466392046184, 0.030130607982523823
0.03622651637164933, 1.1465341061929102
0.02882446918971651, 0.6192469587084536
0.046410219567365914, 0.030708993378315
0.039853855983201326, 0.920972942585992
1.145141016958701, 0.8803830716835994
0.5434662369660244, 0.8756222372811517
0.03214144267504812, 0.15019779292600186
0.038708986370538344, 1.142296710828888
0.5399475631257802, 0.4983029763278444
0.018667476141913986, 0.923151562318262
0.048641079690226866, 0.6164062896762746
0.5238524209765457, 0.6154034300486542
0.5152690254441267, 0.03011130417818326
0.5288006893392062, 0.030282864041811956
1.1248021489270268, 0.8757469530041149
0.5261453245855416, 0.6265432333780331
0.024154593070333182, 0.884257133129988
0.03342144287506758, 0.5261423087185958
0.5167925853041404, 1.257943473527868
0.03557318317993365, 1.1450922628495406
0.04600443202177474, 0.8837681469880396
0.027815717182477415, 1.1465294763696863
0.02424593148719557, 1.1676165236705955
0.040092468534789226, 0.8786233410569178
0.5389778905158166, 0.6349356125412572
0.02443534104403052, 0.5045792483298781
0.5337998380810132, 0.884086299519079
0.5295976220468197, 0.1457355741640433
0.5154360022600298, 1.2080704313038386
0.04579152387084157, 0.8851399757760297
0.02665488762127722, 1.234630873352032
0.5016845651889864, 0.14431300222204374
0.5338154294288983, 1.254301354364077
0.5012982029299891, 0.1467263555097831
0.033287830621094076, 0.03254546800973996
0.04508413837796484, 0.5211823719187646
0.5451974707965714, 1.2571160408495388
0.029724934442898608, 1.2578450530504506
0.5200152818347576, 1.2595024045842
0.5281064934834384, 0.8852343821923936
0.5192356102232213, 0.8806882314166067
0.0270770001897532, 1.1734399100616582
0.5322066441684273, 0.8796987346274856
0.519803818894788, 1.1831527620045612
0.03172276239930428, 0.9359935745786572
0.04776628009560845, 0.029985663951698
0.024059625203354952, 0.6193414325660254
0.028058074751316824, 0.14183113197568595
1.1001886402126209, 0.5333684969103271
0.021548002281624314, 0.6241938074827572
0.49361852326196454, 0.8867997733608448
0.5498235588728836, 1.179192011973715
0.04050725694409165, 0.8780800302177074
0.06410210878420575, 1.2596129004587218
0.031322532200462876, 1.259482927720469
0.03144154125355713, 0.8785582816303703
0.03937190056952604, 1.2100600328612179
0.045579496279710266, 0.6173437355702652
0.03218977367461792, 1.2104981380868627
0.5466227131832456, 1.1509039834185872
0.02729768643941399, 0.6317254217890547
0.023966054371102184, 1.1523645374058087
0.03475947586871108, 0.8766817477897568
0.03492203975358595, 0.02870408658860834
0.032491241440540816, 0.029760283323467772
0.5219318132310691, 0.8772522890809447
0.5318782434308692, 0.9401944007383072
1.096545943286345, 0.0299181318325906
0.5347909251056074, 0.8737440725693701
0.5201044741902991, 0.9421342151675738
0.03941955527623894, 0.9407903656271193
0.5238254915866759, 1.2564174803233465
0.03094046724378197, 0.8895397079567916
0.5180638775555958, 0.8778434246308604
0.040043270945568234, 1.2603989390768047
0.0386434202128708, 1.2592384204524834
0.0371697197764709, 0.8761082416043842
0.5208804820160181, 0.1414798108985013
0.5041967739024522, 1.1811431661091034
0.04458259862365232, 0.14297563132074353
0.5126226975587594, 1.2174806135816054
0.018141364199940568, 0.8894843300246384
0.03331206111536103, 1.1510367418576444
0.042341261660055564, 0.8888373939204024
0.5304882451563366, 0.9441466193315822
0.04281590524957884, 0.9446375227429732
0.024319174399014976, 0.6553092359684473
0.045597632477829546, 0.8754909145456236
0.5174028973555435, 0.8751620886295124
0.03974186113144707, 0.6523535227607072
0.04372321436637772, 0.4923890463163506
0.02917910297806367, 1.1631322305215799
0.030511228249790828, 0.6535241506385585
0.5388876661530393, 0.02902437636143706
0.5355505783970808, 1.1547082256704098
0.02056002973740489, 0.029947323317020526
0.0207483943978285, 1.253731256606992
0.039949777133160495, 1.250998319883061
0.031571663783459984, 0.517168620886794
0.02328540045383757, 0.8915206280011019
0.528536708328676, 0.029840606437690383
0.03134330458499567, 0.875986175337057
0.06272332154198407, 0.8895500470292654
0.03157152861678283, 0.9502698413260255
0.03994624722014351, 1.155207728061544
0.5062068350129557, 1.2084287417264903
0.02265375959456691, 0.8763528173252577
0.020413844323252328, 0.6413354561397365
0.04387347447389394, 0.8761998117847096
0.04397651160210351, 0.5305156978406884
0.035996538911810004, 0.8775332954374884
0.02128944007141532, 0.9514420097772144
0.02525287890817515, 1.156371159103964
0.04363654454394237, 1.1571477513215689
0.02960972469184406, 0.9520074719306406
0.4966554908537636, 0.1387176122780203
0.025817755430321047, 0.6664114662501907
0.02689319071180288, 0.02892737486160773
0.031021881738846256, 0.13704060871180218
0.032931074886452534, 0.9557445835426492
0.030613838915281685, 0.6276095331300902
0.038095537429343324, 0.6540746141246104
0.030193266122911427, 0.8935807034381209
0.0404521549556341, 0.9551474194608419
0.030406674826358174, 0.6217414702789178
0.06185052542848447, 0.029005380408944174
0.03487765681396124, 1.248513736477549
0.5131780313672452, 0.13414637846394536
0.5320320319072285, 0.8751623934497605
0.5412887130414812, 0.5102927932666834
0.018230487675930395, 1.2510270282581184
0.5350562017033818, 0.8945620923913544
0.05640341111769097, 0.13609452989269186
0.5445800525626722, 1.2004949112589092
0.022721904196664307, 1.1939855914835125
0.5439363363397333, 0.5000223325701448
0.5365364251597317, 1.1602158587836222
0.5203040128736534, 0.9596718506728672
0.543712859850802, 0.8941394074313214
0.5174964737804705, 0.6301650186126551
0.03110582368491907, 1.16102101321416
0.02291297423451192, 1.2547724896555041
0.03461857021751445, 1.1737314234701193
0.032755841303233175, 1.2503854829318306
0.5203839485428964, 0.515748044186438
0.047753118788464353, 1.2441441782765241
0.5414259737375287, 0.13067642389209871
0.5225411450687625, 0.6600515146069679
0.02101412521122296, 1.2258786200289713
0.03878424109827395, 0.661033920251499
0.5385040147591629, 0.4999210425081933
0.520594442493534, 0.030543460500764237
0.5005229226169944, 1.2157331386893837
0.017976022511133397, 1.199799986405932
0.5411352486969554, 0.896775530153999
0.5017414714728884, 0.9644380245082917
0.018110038568807153, 1.2497796527576226
0.5322864745128064, 0.9630190725925118
0.5493421155518164, 0.5093626860945878
0.038292672022285375, 0.9622390233356859
0.5406022821076834, 1.2517908041107333
0.03484460758948048, 0.8776432347196541
0.017722999129552428, 0.8788040904382977
0.042346742410406986, 0.9628596763834312
0.019982109095078207, 0.8941932154316048
0.04141552898082667, 0.03172833988600111
0.020424307515851902, 1.1684577129199674
0.017891071055494603, 0.9644247598228934
0.024155738938106325, 0.9659368338939236
0.5330070126111789, 1.1706255103971586
0.5083249947988651, 0.661566475417488
0.03493594790662567, 0.9661951574582535
0.5234063196084019, 0.47775849926152514
0.039077848805129475, 0.5018286779847461
0.5196589962515712, 1.1748122506713607
0.020123004390451636, 1.251169620653487
0.5181072014491477, 0.8799518202276773
0.526535861161523, 0.6845940119240919
0.020139601723706282, 1.177999802927779
0.024138544171910047, 1.2684955314644175
0.5161538010511868, 0.6708845123185746
0.02344766612507843, 0.032941692156338534
0.11400919670881625, 0.8803489812559928
0.033351969417996015, 0.8930425603276297
0.508277099222964, 0.8821936400363086
0.03340311999020474, 1.278624150078612
0.043218376287776326, 1.2552033590295064
0.0406914487191014, 0.9706571443417482
0.5076341181071714, 1.2659191785250388
0.03816404117724461, 0.8929336016008487
0.029786969734222436, 1.281252754125095
0.536625295502077, 1.1863042442497131
0.513755523486113, 1.265805271667673
0.024057768874447116, 1.2666938399131307
0.5011114626619109, 0.03157692222237178
0.03437043333840653, 1.257488566805643
0.02253767498123656, 0.13641854610440493
0.502180068620524, 0.8799477923959749
0.023295102177263823, 0.1378561237317915
0.017613999538296603, 0.8784478382606971
0.023407817115872843, 0.03151510922647859
0.029910420010740076, 0.9728881043117814
0.032033735718635464, 1.2700052348130377
0.025375287770314274, 1.268540742554844
0.038127058567832835, 1.2694267949907763
0.51492130131577, 0.5022581925228631
0.5046901765927013, 0.9738119807481549
0.5172969394540452, 0.881732748796743
0.48501862568723764, 0.8929529162393759
0.02486673763272066, 1.1938637308584055
0.023164324137127185, 0.030256186290776373
0.022329209463335827, 0.030706028716307114
0.5123909089833956, 1.2724728172752502
0.5163050372243032, 0.9769836191732717
0.02319750730619086, 0.691106269663347
0.03241609463554218, 1.294790680865433
0.49909856609171616, 1.2904537903803917
0.030073317893694725, 0.8944074416288006
0.037257984447559574, 0.1363483639770837
0.02399128912381284, 1.195658001204929
0.5349451713699874, 0.7004932093994504
0.030077240989218483, 0.8947647218849586
0.028270935602719646, 0.49029026634241857
0.03325343044649819, 0.030844283353060865
0.5153876746539866, 0.8949425796437163
0.03349496084600955, 0.6958836326761847
0.043407310355494465, 0.6948320727325286
0.055058544197829525, 0.1359551721541054
0.03093142163422382, 0.4857066305516077
0.5203110707463148, 0.8941717001931249
0.5107846817785687, 0.6995080456682408
0.03030456232574097, 0.9842508781895105
0.02817042235806519, 0.8801113818636332
0.0543634626229262, 1.1982673683577472
0.5374272771077773, 1.1992339843788267
0.040120243038790575, 0.4911384813523795
0.028069064587151332, 1.199083520606216
0.022388107826299176, 1.2990483121393572
0.5109329216855866, 1.199223731733372
0.01731201537267701, 1.2851329779060128
0.03957335928963036, 1.2830890979311016
0.5152259828607879, 0.030072338468105086
0.05072104004654936, 0.9857843825222987
0.5197184973208132, 0.8959429268147344
0.042154734180136794, 0.9848007061114801
0.5123731892550616, 0.4957026521196265
0.5169689762455826, 0.7052436166371673
0.01917489078282968, 1.3045397962223284
0.021927349411111147, 1.2786213539598814
0.021125019067990802, 0.8825517502194475
0.021166430859708815, 0.9861704677018615
0.029747026336312786, 0.8798280753704824
0.036756817607806934, 0.9876579720471781
0.5049600832623047, 0.13328571646499252
0.03130597202379338, 1.2837181426851105
0.019516463630581612, 1.2017171006637057
0.06371013773692585, 0.030155640384989628
0.06557832285126192, 0.9888558582924496
0.5080842026712165, 1.3017268932223125
0.024701561407492013, 0.13311126031505924
0.5317092105175708, 0.4889063590873498
0.023185005496745858, 0.8981123375123936
0.02782663117028705, 0.8817996965371162
0.5304918532050444, 1.2852027297763733
0.02320107882962297, 0.5111804518423584
0.4993356091123906, 0.8803566679476045
0.019500282398952507, 0.8984719425659751
0.019288536632086187, 1.2031503487058506
0.02307559432040197, 0.13093802122999884
0.02285222278883703, 0.5106349960745721
0.03154844811767265, 0.7071342305689139
0.03009705549220054, 0.8828990245916721
0.021582706613769456, 0.899020348194386
0.032857407510789444, 0.9943282736299126
0.041839153881831036, 0.13149345832321474
0.5150661172299883, 0.721339837559153
0.02279555672359749, 1.3044186940172384
0.04204676088799294, 0.028985790349009645
0.5171927230392066, 0.8815337217835479
0.03521550465418424, 1.3057366283212353
0.03027754752901746, 1.280055246254619
0.5160483670151881, 0.8816417565093129
0.020846065427353455, 1.2836446294236026
0.016980324467536216, 0.028539642084844656
0.040075144831889, 0.7204640316642841
0.5047349148796557, 0.8830587654834525
0.016998218725025396, 1.2837217038534965
0.0494178879588354, 1.29020600740208
0.030576102121323806, 0.49604689492424026
0.022519603193636103, 1.204023713594573
0.5169206933459024, 1.2042842876649396
0.02115741089354643, 0.9011673809511256
0.526226233745049, 0.9008289148717508
0.050180097765994754, 0.9011690823262892
0.019775605056792246, 0.7208852075654832
0.03428756867202742, 0.7153998934925222
0.032454027821806924, 1.2047941351203237
0.5136461090304855, 1.2809293855498411
0.035179559281024654, 0.8822707687893587
0.5100736165787793, 0.9024694085198248
0.02847103936063436, 0.9018738637526595
0.019071104257409953, 0.8834849062585997
0.023473752056814134, 0.9027651920438007
0.5188064463218625, 0.8826088374689032
0.03986792317294261, 0.12865805016733953
0.028788437051314703, 0.12809582019225926
0.0386591536050551, 0.9027667059369074
0.5332945048951268, 1.205631738159399
0.029742394684694, 0.7125342128521953
0.021784062382221556, 0.02873108732418263
0.5354169665843753, 0.882875803602172
0.01910644094684909, 0.9028321989084798
0.030012395053689717, 0.883865399429191
0.028933617826830568, 0.8837795302289144
0.01904839851088157, 0.4976381333627894
0.056246578156215817, 0.12829532362819657
0.021581236575514615, 0.028410914898415813
0.02255025773244036, 0.8841364617468137
0.03413213319609633, 0.49937529372363854
0.5230991201117786, 1.004874818833798
0.024117540082355303, 0.8823370318362225
0.49967006407585035, 1.3075929335131
0.034738539172829846, 1.2066677658137537
0.5075801388367052, 0.7211785018358331
0.5162260320687468, 0.5090948328906462
0.03207037547997274, 1.206142206568272
0.03736583755306611, 0.029389153965594418
0.5136377234673617, 1.2059691983811955
0.5070371811557854, 0.9050673013125763
0.029237662456415767, 0.8830210963694138
0.5208381574049432, 0.028452878827140975
0.030037650094454228, 0.7024530698874195
0.5100414212573536, 0.49948887538100595
0.5108215784685428, 1.2065384486547894
0.022610285645901066, 0.1258910648388609
0.035872270665111776, 0.49369689442187703
0.03906647959852323, 0.8838452100918512
0.019185611096607894, 1.3109299144198305
0.5173427237487194, 0.8857591461113232
0.027561403282246547, 0.9062257622602925
0.5128034546472499, 1.2854390355896312
0.028923092457355918, 1.3136180555762593
0.018823237111446782, 0.028190045927139924
0.026840112073665556, 0.027942915717731574
0.026738181924255037, 1.0111764387124111
0.022068225318418757, 0.9070009993208201
0.023818466753922483, 0.028232157079416155
0.03368762700117855, 1.207117606409313
0.016625364340676678, 1.0119888442914926
0.019161165811578455, 0.8842327959711935
0.5178703849888611, 1.288841986454617
0.02376804598268401, 0.8858752024817982
0.02197886004162927, 1.2793286274199254
0.03763099635735354, 0.027653630473585426
0.039942983997118306, 0.9081088714826879
0.5112986190928726, 1.282947152139464
0.026723559743597938, 1.311513211224533
0.03377205519722471, 0.8856974624690628
0.019383832855093444, 0.8863607715996515
0.5052715908325799, 1.2072797541911364
0.016545968423906873, 0.027279528069284943
0.027814226235643783, 1.2834201596127157
0.5103020400259958, 0.02755116106838968
0.5248178573351132, 1.2082930234294829
0.027734744876427322, 1.3152288437517243
0.5021069032801663, 0.7055395172401775
0.5060633705411633, 0.02878350954801328
0.032776602431193166, 1.2074963646135772
0.01912547517986545, 1.2785225171555492
0.023661590850596045, 0.12229383406666036
0.49635852673181263, 0.7130185497914764
0.02063084030970204, 0.027558282011256124
0.05266395283502407, 0.49604210092821643
0.03572745237917987, 0.7233161723861308
0.021024103852588686, 1.2800590552480358
0.5092880093427504, 1.0188123654970853
0.5178804836815396, 1.207992356637776
0.02157008417031026, 1.2080236998541518
0.0396056719241047, 0.12223551005631147
0.513355572891358, 0.5081363001818623
0.02009652483817913, 0.719075310218367
0.03962923615016311, 1.2081314478844702
0.03354091041464626, 0.12167186427165674
0.5055032943797895, 0.12229164244818222
0.5204714549196298, 1.0223013376659933
0.03967385366976828, 0.5021392068448163
0.039287791989372906, 1.208139168470783
0.021952577096427953, 0.8888040342040819
0.027457860625194848, 0.12206614449353717
0.021654543372700997, 1.3191459336618385
0.0455800965175601, 0.12100503756041911
0.02923784348444902, 1.2087015236495906
0.018699291750562886, 1.0231423268529596
0.027139352014791538, 0.11970130941242932
0.0403279530555923, 1.282556860546512
0.021315648148995076, 1.2086264527296895
0.021336493319208606, 0.8885114639436855
0.01847669309175681, 0.5034363918454714
0.037537270226266316, 1.3175755785339491
0.016320426397144164, 1.283554928068231
0.021533336759562188, 0.888531615309353
0.02684455357954316, 1.2797258319717455
0.03334402833163306, 1.024790893095616
0.5107592003793026, 1.2086579191580786
0.02245335270649451, 0.8887546954316401
0.03579225885297029, 1.3142340779389634
0.0393292015859199, 0.9135400616592542
0.02008451692423452, 0.511172798557784
0.520570448449149, 1.277984539840577
0.5011763946190372, 1.0277676134365312
0.021206150006224247, 0.9143263664341392
0.5021937671370259, 0.7141683128210856
0.020432997709895775, 1.312323321605975
0.051855688152661936, 1.026225310840685
0.03783460428275062, 1.2089198272824668
0.018389595349804288, 1.2799242333773453
0.016252794964430266, 0.026983145643247837
0.0212512373000194, 1.208408661018131
0.020749267567467537, 0.7189598167905722
0.027271372708821986, 0.5084881311772182
0.028692255175126528, 1.3145815218631378
0.5140193151686141, 0.1185986886213434
0.5231147327218614, 1.0291032223027792
0.02873322912164364, 0.9147626572632006
0.522700145630914, 0.8895328159992835
0.5236394381871109, 0.02755336485475248
0.5235519925716045, 1.0311330050386938
0.5072795430581055, 0.027239973923096704
0.5156665660394585, 1.0318103579402291
0.5053156739766375, 0.49973439783064144
0.016225245755530523, 1.20859917594634
0.034730171071163614, 1.0300101756645736
0.5112575106239544, 1.3143549717231695
0.028876152604636027, 1.3125716332010635
0.5086659722170118, 0.7220592596148113
0.5124427432545918, 0.88869435279968
0.021314588930685375, 1.0323688492282737
0.5220611935586418, 1.2768005071430293
0.02848046392097936, 0.89098457254423
0.03853917005398558, 0.11757022473727916
0.025923871251467563, 1.0326056567848576
0.02152641246394019, 0.8910675774344116
0.01614170561769833, 1.2801339631813118
0.02586407693939433, 1.2094922536413768
0.03635582113906297, 0.7407808729831061
0.016092711378580996, 0.48577656328282137
0.5177130442952078, 0.8926470597665193
0.5134906662474923, 0.9176486631132497
0.020994834093943083, 1.20948124928611
0.5044106814348891, 0.11561014658372379
0.5122693789421467, 0.8912145287708972
0.5054151193992102, 0.11591931524345729
0.5056841451657058, 0.509693053077199
0.5215912781906412, 0.49006655452343584
0.037116245309727146, 0.8915834109818448
0.019215039712941365, 1.2730638335638638
0.03659758849480125, 0.8919783999653903
0.02284581655880624, 1.3164700072957631
0.020822856625190123, 1.2092343505690368
0.048159972359721845, 1.3156152913459243
0.026376902308153236, 0.49506248578327927
0.04315502598377031, 0.9188758933098947
0.5146327975793507, 1.3159427612195171
0.028531735924710897, 0.9193047869087382
0.03434474647795402, 0.8909043699530734
0.018083634181555678, 1.0393564257571162
0.5145100016560081, 0.11563905108832764
0.5094292707440382, 0.026113242459038864
0.03622910441752183, 0.4923763531790114
0.5261313217886007, 0.49013205284627404
0.02621216012975399, 0.11562831438657173
0.02827819419976751, 0.4867758252618938
0.02274070293584337, 1.0397365406140966
0.5157916025786339, 1.039891841372541
0.026665024790755377, 0.8940088280637262
0.5080285600676292, 0.02610439430390373
0.027024377890797393, 0.5082731535108407
0.026405994904255988, 0.026655499245702922
0.033885143594007835, 0.11569155506149273
0.01604849786179223, 0.025828768847264018
0.04724523210822774, 0.7199481022584583
0.02262097624301843, 1.3153103482601494
0.028084867666535313, 1.3120825168167976
0.49078121918286366, 0.8964923517027673
0.02806063330592487, 1.0414203635296508
0.04615758852086833, 0.5027120127366448
0.022599657104361365, 0.8949195085989439
0.02012205238263102, 0.8956726793756167
0.5096093161958479, 0.7252453143023019
0.018003769740890015, 1.3088211300139891
0.5028681684368475, 0.7266629159889354
0.03781674117433353, 1.3156425132760936
0.020544280358212288, 1.3093387108616115
0.5185357119459687, 0.894965601991786
0.028150050053310255, 0.026406844067214295
0.028417962827339965, 1.0441938566637432
0.500871371923552, 0.9222941967462608
0.022474360751698622, 0.48420573533438444
0.015840929827866276, 1.2104009402644864
0.03251851317556956, 1.273050371233694
0.025363693767128093, 0.9229697767571727
0.51083380952708, 0.7484019533735127
0.01930086797936585, 1.0459410697928162
0.03582119829694232, 0.7417367361015808
0.03751125127155506, 0.7414856136990979
0.03379432457025921, 0.026441535729957104
0.5203718357111262, 1.2105458963829359
0.5050965162537334, 0.026340125567408758
0.02044093843357642, 0.4893645426366159
0.5187875567482508, 0.896154530362003
0.036211541364737455, 0.5009343719290705
0.03367486081685112, 0.1115498746276248
0.025169857312583248, 0.11178656712727804
0.027866899521633785, 0.9242318911325171
0.026255617850875854, 0.7264046160413716
0.037523741390556406, 1.2110726086028905
0.018640551371702174, 1.2107648028520797
0.0185260441883235, 0.8969530002221024
0.027841405108668428, 0.02570007515239805
0.01852789387184943, 0.025943732622240152
0.028513203031135796, 0.11324015426534968
0.025126842569965308, 1.2107850643805966
0.019501053124782907, 1.0501954233719424
0.015819893865983755, 0.49009521245897136
0.4985650079441814, 0.9247449945861665
0.03763063856342442, 1.2697798889394647
0.01941884359946734, 0.9008020252356543
0.02788972120030017, 0.8990952671937775
0.03578816173345012, 0.7455788135017347
0.5041358202098389, 0.5031238102913796
0.5168533346496104, 1.2677426620815575
0.03570004446870402, 1.271235665322658
0.018087040091708546, 0.9261004116652745
0.017848660611295357, 1.2104663466584
0.5131890541928782, 1.0532654992887596
0.0178117654695004, 1.052310671168893
0.5091601480848827, 0.11011323335478665
0.03045019058693966, 0.8996645966888785
0.4966401682588608, 1.0548259418083383
0.033634086848840755, 0.5187814106946818
0.018174012971927844, 0.02579865673385246
0.518102702835563, 0.498702308020885
0.530222467326693, 0.8980951930777332
0.488676677244129, 0.7421070147353148
0.48951558817499924, 0.7622532803642336
0.027816764062682547, 0.0255411430257308
0.5067874129658566, 1.0552201587526377
0.02019967777678788, 1.2110323060269932
0.03699809211096148, 1.2693641680922705
0.0176133748416859, 1.2700884743417704
0.027744812058086845, 0.9004585738731044
0.01760106301358388, 1.211112694969662
0.025580346523878427, 0.025363305115891556
0.035750873302675686, 1.266358577004546
0.026948893710989956, 0.9014230907981229
0.5231654736883955, 1.210540521619224
0.017831327621630245, 0.9010992462555134
0.5264448532765388, 0.02601143802781746
0.03663905156624129, 0.9281824544979156
0.03662230453005414, 0.9018104467449994
0.04201961652246428, 0.025638566813083984
0.025819972590518155, 0.11053735619198715
0.521286799947172, 0.026208169186572088
0.5194762952268023, 1.2114630716994272
0.03649114438060754, 0.7274869713073888
0.01902246903005793, 1.2117607089780627
0.035014501342629824, 0.025273383314473215
0.015676472722185645, 1.2113019199249189
0.04056897151104591, 1.3089697330568195
0.49375128736278395, 1.2110995451268054
0.019219485170487983, 0.9297247553697707
0.024647188038867333, 1.211536336497078
0.015577773947340431, 1.2114644377231918
0.025509068659792494, 0.4963085113814364
0.036341556949330195, 0.9015547635014534
0.024504355867038058, 1.310576006516664
0.5031517920197005, 0.9300325540548068
0.5102602324442578, 0.026382852337492733
0.027036976809367706, 0.5146092358369191
0.01974260245078293, 1.3056389473909549
0.015422197704448191, 1.2121918664011624
0.035041159638130225, 0.4732968206235233
0.035572908918066075, 1.060750757828405
0.5311601237020613, 1.3109171932380637
0.026486669420595303, 0.9311051800122525
0.024588385914467957, 0.737498869481003
0.4938754023193716, 0.7518157565289768
0.49901366278176684, 1.2118638192522422
0.035696264278873936, 0.9048905455036531
0.017445765688399777, 1.0622694515164104
0.4969582517927962, 1.0629417928408313
0.5143901732811123, 0.02525891650891978
0.01562418176797585, 1.2641732811303619
0.032771705038743514, 0.4963970525800451
0.032982655472574646, 1.2116454123240317
0.03070479246765092, 1.2115780573016157
0.034804837813000734, 1.3119733977331234
0.5096807942381593, 1.0645345152666692
0.5017169474505194, 1.065204140987813
0.0199406303447528, 1.2115965507724606
0.027156697127751737, 1.2661367377605244
0.04112150808982056, 0.7350848913980681
0.024482003275152896, 0.9056401424517452
0.5282023247454485, 0.9071103169318745
0.01857700110164363, 0.7469930196542798
0.024956205913793626, 0.9061896596517471
0.040636957189396014, 1.3077536444587323
0.5072431772356562, 0.4944132754930105
0.03000086938410518, 0.9043853052390869
0.019659869998366997, 1.0665779271974036
0.4925766854170598, 0.905644255031375
0.01729772142800999, 0.10837041261718491
0.517950436586922, 0.024818925391467676
0.01933485006427438, 1.3070641183733844
0.0197035791258755, 0.0251027420038151
0.026077030719397237, 1.3070822764338135
0.5144734851073518, 0.906358181768112
0.015709254092834316, 0.49853599487102074
0.5058545786268064, 0.10536859720333483
0.04274089986113829, 0.02593071242669453
0.03452256678312584, 0.907025809738583
0.02627720403971415, 1.2123380126327807
0.04289442040181334, 0.1065395684522907
0.5090430727063584, 0.10541667151900966
0.5057505528205651, 1.0693823864336331
0.4974829493550655, 0.10700726358249915
0.029673446089655633, 1.2662744695919694
0.01742361230468954, 0.10476093728225722
0.5048930205960641, 1.2651778582073574
0.5093990989237135, 0.9348460899979754
0.03317825254639738, 0.9063227244797023
0.026012371604942863, 1.3083520558966089
0.026914386530265007, 1.2127819964199615
0.026798262330804744, 1.0712539435000854
0.03448837653886585, 0.9353619359534058
0.5068820426636766, 1.213109398675376
0.026584910249186165, 1.212925146632465
0.5279832804527019, 0.9355812235445177
0.5106406384689316, 0.9087030395025509
0.4994972602994072, 0.10560191997015231
0.026405097216467752, 0.7525685264561631
0.4944214533655541, 1.070772679247202
0.029691912354454446, 1.212965149782201
0.02695107579311006, 0.9082237685586174
0.026857959382949024, 0.49239289187398294
0.042312423675431095, 1.2618413969211255
0.024709241940315062, 1.2618437141594592
0.503900308779693, 0.10538165385727724
0.52654114360379, 1.3075599018730037
0.017833294553531106, 1.2132434603278097
0.026467065381996138, 0.9102097829679987
0.042287370741463194, 1.2134639036869488
0.026660599869085647, 0.10401498836456968
0.516411009691847, 1.0739816917810943
0.024022372456130293, 1.2131320067982394
0.019124834878784323, 0.49084632658462624
0.5069806740168423, 1.2133248085313368
0.02659565668108165, 0.02453421228896258
0.027644463646549496, 1.2636062754587611
0.02619061860279129, 1.3047337378572883
0.025544347220882713, 1.0765998847671587
0.50102474205711, 1.0765556015789426
0.026892949204861596, 1.2641063758170714
0.4894266788894863, 0.7251233908734612
0.49424208365630673, 0.7081880073337788
0.026950129592438036, 0.10219018420871298
0.025495957861065094, 1.0793068192395074
0.025093715323095792, 1.2566315051567434
0.49729732614223987, 1.0780206680959352
0.041463938967449813, 0.9384869922397291
0.015307676254481596, 1.0786240047284614
0.019174501069725177, 1.303151347394706
0.025329386024764096, 1.3027039108386005
0.4929250221296416, 1.2576780659035223
0.517078791686634, 0.10543540237010954
0.03404722571941778, 0.024678482506081543
0.5082481086527931, 0.4941068715640212
0.040063071996891055, 1.3055817397010785
0.042854582485223926, 0.9391714703333773
0.023826938906161953, 0.9392089477907165
0.5102597091216476, 1.3080306777047135
0.01930707861969498, 1.2138746993281548
0.5087275342990073, 0.49307336256315903
0.5029946491535973, 1.2583849758494041
0.03184685553022435, 1.2144175853825991
0.5170072189049469, 1.0791414650036757
0.019017595016103853, 0.7372244413817013
0.5059958993959962, 0.10323846352935903
0.0248182139561559, 0.02431674644371572
0.01879963940669248, 1.2147236956835619
0.5079214985328537, 1.3084257374277315
0.5220711832417438, 1.3052939013210314
0.018156793157211703, 1.08141254293718
0.5195653688505343, 0.02427272575390246
0.015271274786642367, 0.7397719355068836
0.02379940339751418, 1.3055136498797248
0.02366575090148274, 0.9143405594564393
0.026379101855721086, 0.02436532381050596
0.01896958445861852, 1.3059977090996286
0.01830272406111529, 0.9143993526512808
0.4894854896634083, 0.4903481076712254
0.02100404438180462, 0.10522053803801054
0.019060034002324467, 1.214671970846476
0.028635836666363157, 1.2555470439817125
0.018868264440427617, 0.9415172213300298
0.04132350250253506, 0.5011657955029942
0.5010947136502151, 0.9416075108496138
0.03390282579059326, 0.10335106022419038
0.031704171693112654, 0.9422130593239586
0.02372532665473045, 1.08360179744594
0.03488586849847433, 0.02393480192231812
0.024656620142077736, 0.9420343804215092
0.01903174702455075, 0.9419736326030541
0.02096889577240971, 0.9151643792213446
0.024865631989517852, 0.10133318366332866
0.504875335405945, 0.02392724329422658
0.02518653162094331, 1.0848182610909587
0.02433886246863345, 1.2145180967327234
0.02482912312120611, 0.7534238353928914
0.040999787220877805, 1.3043743542083257
0.5086407095511447, 0.9170154444140903
0.019067091063051603, 0.9149478222689462
0.5113553769026002, 0.9153897372469568
0.518627165681401, 1.0874480709447738
0.024525366421399342, 1.2554633466526026
0.5212374541637048, 0.916421760970523
0.5070071497809764, 0.9428656110771276
0.028611274527298638, 1.0865544624467771
0.033453321996683716, 1.2524687367070684
0.028961705049480507, 0.10091431372185919
0.01701912158167413, 1.2558946444351144
0.02439135537575665, 0.5049719987298571
0.01917790695518318, 1.2542033407367246
0.03186541271936139, 0.9437942079241786
0.024317043655663995, 0.9179460327664628
0.024325937642026407, 0.492633884215491
0.5002309434437078, 1.3005970583375137
0.5083484067672894, 1.2148358670162103
0.01689699759582003, 0.09983731279947629
0.5041823654438073, 0.9443207863424072
0.020719792020171154, 0.10064371588312801
0.03833426453660047, 0.10023408921021318
0.4938198059371498, 0.9448876714336636
0.029394609763779084, 0.945310615552527
0.014849278520510208, 1.0892063509987742
0.531831587724731, 0.9450736091427403
0.02328659268040026, 0.10040266416327381
0.01908096505670339, 0.49633884910587894
0.01862101942114642, 0.9181706687095572
0.019351121224531084, 0.09938998055508688
0.5150222732546967, 0.09813978575041972
0.023913324616476116, 0.742680542722572
0.028541631977184626, 0.023720933826271638
0.020683326175949934, 0.9196863453985047
0.02820656563681692, 1.2509191407537423
0.5247382592816976, 1.2157112725896762
0.018639705485534796, 0.5063640047410128
0.0284657055755172, 1.2546939067535043
0.019052767572811723, 0.02377428565515091
0.49905087864356334, 0.10031254420551419
0.024741479893282868, 1.3005351389963005
0.026656831174334813, 0.5063998673368831
0.014900697494111506, 0.9183542464395623
0.03305371718170044, 0.7499844150804494
0.038011254092846114, 0.9465270469164675
0.0169725893268131, 0.4993966226082175
0.5274327262006346, 0.9206755606218981
0.025096803247647653, 1.0963344464527953
0.02319791263076184, 0.7278323649727053
0.5150142583184695, 0.023569029697096507
0.033006098818021606, 0.4986278338060967
0.02581155657307174, 0.947023746823312
0.028910079280329515, 1.0949241116856014
0.01942768642929604, 0.9473699057044989
0.03759758107294244, 0.10015764855703277
0.014843751954830273, 1.216379432659583
0.028113666216242568, 1.2164850840823436
0.5084400063227528, 0.9475835547930969
0.034040924414853325, 0.7355092271535383
0.03480252072140797, 0.024116037951376002
0.5116147913689787, 1.2486734383292268
0.02041392584558251, 0.09787480201895403
0.014758972640402265, 0.02332940431236775
0.03817576225801531, 0.9482362455769009
0.034550357539588315, 0.02358894068938727
0.5285730558536963, 0.0996115390112844
0.028093686862716044, 1.304242119249231
0.025424475945998178, 0.024062254740404545
0.5036880273375978, 0.09808300193178189
0.024635054955336144, 0.7564462807185964
0.018439777123935474, 0.02482735913036861
0.020485594247732695, 1.3045024867995811
0.5001768564898833, 1.098469093666532
0.01840430152143523, 0.483722804170707
0.018436515800867016, 1.0981416458926516
0.49582260717231597, 0.09710927611677293
0.023451483604123195, 0.925598220745669
0.022880715026826322, 0.9488493631215629
0.023734545119400506, 1.2517463119269416
0.5172034875389908, 1.3014153252086473
0.4926957358297126, 1.1000567746968775
0.018389076116622476, 0.9495846901085174
0.017699161576080164, 1.2175539631749863
0.037458192447778364, 1.0988387992024276
0.023694634805762324, 0.9237431740451088
0.04000489346215033, 0.949950076964482
0.02376923740391602, 1.1004980112056588
0.02537659118697241, 1.217341956614739
0.024036226214162678, 1.247044802515907
0.5037866978158158, 1.2962614445717657
0.022881599682000507, 0.024210661982055074
0.5095356191390598, 1.101579542347371
0.5050349725556539, 1.2484710716442606
0.02370343379454887, 1.1015331902660284
0.025689410132603476, 0.9504658733802168
0.025315670301080843, 0.9504879745601718
0.515538975598348, 0.737262472290061
0.5268120551053795, 0.9511801165054663
0.018416954114684147, 1.249467105536062
0.023527934226014183, 0.9266237087679843
0.020208095985749342, 0.09689795735883325
0.023541111373272642, 1.1025620137758494
0.03378029197534136, 0.023201161222604957
0.016924813541712255, 0.4858227161065889
0.0163355868045124, 1.3008637253476762
0.50636797287118, 1.2172333183145678
0.033552110017842175, 0.9256493860614403
0.5141497580338309, 0.023332131009883315
0.03229703801255513, 0.09576625679138727
0.023423622166619792, 1.247056554277772
0.5212759274864873, 0.023279829176613857
0.5155300908500134, 0.7489469684684834
0.5024150688101874, 0.9268609560713555
0.5194705968840994, 1.3014892531428846
0.030576570873403902, 0.9523058815093872
0.5049037543843472, 0.9520052046069802
0.5121726344378419, 1.1050197898025758
0.028555625937132238, 1.2464298337635535
0.022759234114412937, 0.022943978824824737
0.5102856070116583, 1.2178093387589488
0.03266223889933241, 0.7409318107892569
0.03829589708905725, 1.2995801791391768
0.018134075591965452, 1.3006929649724113
0.016443043446404418, 0.02352744416939034
0.018812560354599515, 0.500100356867452
0.5016375923394686, 1.1055007122831166
0.5008468636389432, 0.0965614642327646
0.03860410755257372, 0.09633375877453522
0.5070892920651763, 0.7447105455634613
0.014603872917942006, 1.1083069343593657
0.505678066317762, 1.2996810046615366
0.5439566283390876, 1.3024713496602656
0.017984330556852956, 1.1066214957474612
0.517915140431294, 0.09697345380944271
0.5017539768249487, 1.2188292773979545
0.02375719440271019, 0.9291031987751273
0.01807050919127307, 1.3008425173429494
0.033442483185681514, 1.2995742533979528
0.01829492055525772, 0.9287239455890177
0.016356772106930442, 0.5038974401135349
0.504916379446724, 0.930185585276549
0.5262170680721909, 0.023250460394470644
0.5163304058601436, 0.9317139729322308
0.03806233617786959, 1.2428895422932238
0.014488922697366444, 0.9303219582792501
0.023660729122284258, 0.02297179483156653
0.5081270111235611, 1.243372875259653
0.02296454954532912, 0.7485605090792096
0.037761699344118854, 1.244137150065172
